{"cameraMode":{"drawMode":0,"name":"Shaded","section":"Shading Mode"},"sceneLighting":false,"audioPlay":false,"sceneViewState":{"showFog":true,"showMaterialUpdate":false,"showSkybox":true,"showFlares":true,"showImageEffects":true,"showParticleSystems":true},"in2DMode":false,"pivot":{"x":-15.910552978515625,"y":-1.6788804531097413,"z":-0.29510247707366946},"rotation":{"x":0.033620741218328479,"y":-0.7169981598854065,"z":0.03466542810201645,"w":0.6954003572463989},"size":31.71467399597168,"orthographic":false}